{"cameraMode":{"drawMode":0,"name":"Shaded","section":"Shading Mode"},"sceneLighting":false,"audioPlay":false,"sceneViewState":{"showFog":false,"showMaterialUpdate":false,"showSkybox":false,"showFlares":false,"showImageEffects":true,"showParticleSystems":true},"in2DMode":false,"pivot":{"x":4.2267680168151859,"y":0.19032308459281922,"z":2.297980546951294},"rotation":{"x":0.2741181254386902,"y":0.18020875751972199,"z":-0.05047177895903587,"w":0.9438580870628357},"size":0.42925554513931277,"orthographic":false}