{"cameraMode":{"drawMode":0,"name":"Shaded","section":"Shading Mode"},"sceneLighting":true,"audioPlay":false,"sceneViewState":{"showFog":false,"showMaterialUpdate":false,"showSkybox":false,"showFlares":false,"showImageEffects":true,"showParticleSystems":true},"in2DMode":false,"pivot":{"x":-8.764711380004883,"y":-5.973357200622559,"z":31.185056686401368},"rotation":{"x":-0.2828049063682556,"y":-0.41253218054771426,"z":0.13448190689086915,"w":-0.856116771697998},"size":10.238702774047852,"orthographic":false}