{"cameraMode":{"drawMode":0,"name":"Shaded","section":"Shading Mode"},"sceneLighting":false,"audioPlay":false,"sceneViewState":{"showFog":true,"showMaterialUpdate":false,"showSkybox":false,"showFlares":true,"showImageEffects":true,"showParticleSystems":true},"in2DMode":false,"pivot":{"x":-0.6592778563499451,"y":-3.9322268962860109,"z":16.747440338134767},"rotation":{"x":-0.1351732760667801,"y":0.13612143695354463,"z":-0.018459109589457513,"w":-0.981590986251831},"size":10.0,"orthographic":false}