{"cameraMode":{"drawMode":0,"name":"Shaded","section":"Shading Mode"},"sceneLighting":false,"audioPlay":false,"sceneViewState":{"showFog":true,"showMaterialUpdate":false,"showSkybox":false,"showFlares":true,"showImageEffects":true,"showParticleSystems":true},"in2DMode":false,"pivot":{"x":0.49376586079597475,"y":1.1064397096633912,"z":0.5174149870872498},"rotation":{"x":-0.02072904072701931,"y":0.9758158326148987,"z":-0.10609796643257141,"w":-0.1903430074453354},"size":0.8265144228935242,"orthographic":false}