{"cameraMode":{"drawMode":0,"name":"Shaded","section":"Shading Mode"},"sceneLighting":false,"audioPlay":false,"sceneViewState":{"showFog":true,"showMaterialUpdate":false,"showSkybox":false,"showFlares":true,"showImageEffects":true,"showParticleSystems":true},"in2DMode":false,"pivot":{"x":4.609461307525635,"y":4.1548871994018559,"z":28.52672576904297},"rotation":{"x":0.009106883779168129,"y":0.9750441312789917,"z":-0.21884994208812715,"w":0.03879734128713608},"size":1.4167612791061402,"orthographic":false}