{"cameraMode":{"drawMode":0,"name":"Shaded","section":"Shading Mode"},"sceneLighting":false,"audioPlay":false,"sceneViewState":{"showFog":false,"showMaterialUpdate":false,"showSkybox":false,"showFlares":false,"showImageEffects":true,"showParticleSystems":true},"in2DMode":false,"pivot":{"x":0.4461110532283783,"y":-2.061211347579956,"z":-3.188171148300171},"rotation":{"x":-0.006617486476898193,"y":-0.9637211561203003,"z":0.2685706317424774,"w":-0.018689369782805444},"size":3.5794777870178224,"orthographic":false}