{"cameraMode":{"drawMode":0,"name":"Shaded","section":"Shading Mode"},"sceneLighting":false,"audioPlay":false,"sceneViewState":{"showFog":true,"showMaterialUpdate":false,"showSkybox":false,"showFlares":true,"showImageEffects":true,"showParticleSystems":true},"in2DMode":false,"pivot":{"x":-11.395648002624512,"y":-19.34445571899414,"z":6.170122146606445},"rotation":{"x":0.4260995388031006,"y":-0.5592103600502014,"z":0.409341961145401,"w":0.5822706818580627},"size":13.014257431030274,"orthographic":false}