{"cameraMode":{"drawMode":0,"name":"Shaded","section":"Shading Mode"},"sceneLighting":true,"audioPlay":false,"sceneViewState":{"showFog":false,"showMaterialUpdate":false,"showSkybox":false,"showFlares":false,"showImageEffects":true,"showParticleSystems":true},"in2DMode":false,"pivot":{"x":-0.9392316341400147,"y":-4.903284072875977,"z":31.517658233642579},"rotation":{"x":-0.3386809527873993,"y":0.11820140480995178,"z":-0.04373528063297272,"w":-0.9329878091812134},"size":6.6191630363464359,"orthographic":false}