{"cameraMode":{"drawMode":0,"name":"Shaded","section":"Shading Mode"},"sceneLighting":false,"audioPlay":false,"sceneViewState":{"showFog":false,"showMaterialUpdate":false,"showSkybox":false,"showFlares":false,"showImageEffects":true,"showParticleSystems":true},"in2DMode":false,"pivot":{"x":8.710599899291993,"y":-0.07160000503063202,"z":4.363500118255615},"rotation":{"x":0.3172920048236847,"y":0.028063243255019189,"z":-0.008034080266952515,"w":0.9484026432037354},"size":1.5658024549484254,"orthographic":false}