{"cameraMode":{"drawMode":0,"name":"Shaded","section":"Shading Mode"},"sceneLighting":false,"audioPlay":false,"sceneViewState":{"showFog":false,"showMaterialUpdate":false,"showSkybox":false,"showFlares":false,"showImageEffects":true,"showParticleSystems":true},"in2DMode":false,"pivot":{"x":-0.03162980079650879,"y":-0.0040683746337890629,"z":-0.18843913078308106},"rotation":{"x":-0.47951725125312807,"y":-0.3999039828777313,"z":0.256881445646286,"w":-0.7384428977966309},"size":2.7924282550811769,"orthographic":false}