{"cameraMode":{"drawMode":0,"name":"Shaded","section":"Shading Mode"},"sceneLighting":true,"audioPlay":false,"sceneViewState":{"showFog":false,"showMaterialUpdate":false,"showSkybox":true,"showFlares":false,"showImageEffects":true,"showParticleSystems":true},"in2DMode":false,"pivot":{"x":-4.047497749328613,"y":-2.5292742252349855,"z":34.0},"rotation":{"x":-0.10511182993650437,"y":-0.8733313083648682,"z":0.21046702563762666,"w":-0.4281294047832489},"size":28.850400924682618,"orthographic":false}