{"cameraMode":{"drawMode":0,"name":"Shaded","section":"Shading Mode"},"sceneLighting":true,"audioPlay":false,"sceneViewState":{"showFog":false,"showMaterialUpdate":false,"showSkybox":false,"showFlares":false,"showImageEffects":true,"showParticleSystems":true},"in2DMode":false,"pivot":{"x":0.2726753056049347,"y":0.5570231080055237,"z":-2.505600929260254},"rotation":{"x":-0.21824243664741517,"y":-0.2633097171783447,"z":0.06038925424218178,"w":-0.9382731318473816},"size":6.348879814147949,"orthographic":false}