{"cameraMode":{"drawMode":0,"name":"Shaded","section":"Shading Mode"},"sceneLighting":false,"audioPlay":false,"sceneViewState":{"showFog":true,"showMaterialUpdate":false,"showSkybox":false,"showFlares":true,"showImageEffects":true,"showParticleSystems":true},"in2DMode":false,"pivot":{"x":2.7901251316070558,"y":2.4709255695343019,"z":-1.3883005380630494},"rotation":{"x":-0.2029450684785843,"y":0.014467433094978333,"z":-0.0028331398498266937,"w":-0.9794516563415527},"size":3.2078030109405519,"orthographic":false}