{"cameraMode":{"drawMode":0,"name":"Shaded","section":"Shading Mode"},"sceneLighting":false,"audioPlay":false,"sceneViewState":{"showFog":true,"showMaterialUpdate":false,"showSkybox":false,"showFlares":true,"showImageEffects":true,"showParticleSystems":true},"in2DMode":false,"pivot":{"x":-4.117063522338867,"y":12.192148208618164,"z":6.672146320343018},"rotation":{"x":-0.41412580013275149,"y":0.06294901669025421,"z":-0.02764931134879589,"w":-0.9080626368522644},"size":0.4435814619064331,"orthographic":false}