{"cameraMode":{"drawMode":0,"name":"Shaded","section":"Shading Mode"},"sceneLighting":true,"audioPlay":false,"sceneViewState":{"showFog":false,"showMaterialUpdate":false,"showSkybox":false,"showFlares":false,"showImageEffects":true,"showParticleSystems":true},"in2DMode":false,"pivot":{"x":8.342657089233399,"y":-10.623063087463379,"z":23.040815353393556},"rotation":{"x":0.3971096873283386,"y":0.49798583984375,"z":-0.27119800448417666,"w":0.7225087285041809},"size":9.899496078491211,"orthographic":false}