{"cameraMode":{"drawMode":0,"name":"Shaded","section":"Shading Mode"},"sceneLighting":false,"audioPlay":false,"sceneViewState":{"showFog":true,"showMaterialUpdate":false,"showSkybox":false,"showFlares":true,"showImageEffects":true,"showParticleSystems":true},"in2DMode":false,"pivot":{"x":-0.46795886754989626,"y":-14.349837303161621,"z":-9.15761661529541},"rotation":{"x":0.01065911166369915,"y":0.8977179527282715,"z":-0.4406425654888153,"w":0.02086140215396881},"size":13.326488494873047,"orthographic":false}