{"cameraMode":{"drawMode":0,"name":"Shaded","section":"Shading Mode"},"sceneLighting":false,"audioPlay":false,"sceneViewState":{"showFog":true,"showMaterialUpdate":false,"showSkybox":false,"showFlares":true,"showImageEffects":true,"showParticleSystems":true},"in2DMode":false,"pivot":{"x":-2.5565671920776369,"y":-8.433426856994629,"z":1.8155999183654786},"rotation":{"x":-0.4829837381839752,"y":-0.20027780532836915,"z":0.11466247588396073,"w":-0.8449721932411194},"size":10.01259708404541,"orthographic":false}