{"cameraMode":{"drawMode":0,"name":"Shaded","section":"Shading Mode"},"sceneLighting":false,"audioPlay":false,"sceneViewState":{"showFog":false,"showMaterialUpdate":false,"showSkybox":false,"showFlares":false,"showImageEffects":true,"showParticleSystems":true},"in2DMode":false,"pivot":{"x":6.575300693511963,"y":0.577553927898407,"z":1.1465505361557007},"rotation":{"x":0.3308747410774231,"y":-0.4032549262046814,"z":0.16150538623332978,"w":0.8384822607040405},"size":2.6020586490631105,"orthographic":false}