{"cameraMode":{"drawMode":0,"name":"Shaded","section":"Shading Mode"},"sceneLighting":false,"audioPlay":false,"sceneViewState":{"showFog":false,"showMaterialUpdate":false,"showSkybox":false,"showFlares":false,"showImageEffects":true,"showParticleSystems":true},"in2DMode":false,"pivot":{"x":2.0513758659362795,"y":0.3148927688598633,"z":4.694299221038818},"rotation":{"x":0.3019579350948334,"y":0.12773248553276063,"z":-0.039815858006477359,"w":0.9444649815559387},"size":7.071244716644287,"orthographic":false}