{"cameraMode":{"drawMode":0,"name":"Shaded","section":"Shading Mode"},"sceneLighting":false,"audioPlay":false,"sceneViewState":{"showFog":true,"showMaterialUpdate":false,"showSkybox":false,"showFlares":true,"showImageEffects":true,"showParticleSystems":true},"in2DMode":false,"pivot":{"x":-1.5537925958633423,"y":-0.41846132278442385,"z":-6.651538372039795},"rotation":{"x":0.22520653903484345,"y":-0.0967603325843811,"z":0.02275594137609005,"w":0.9693365693092346},"size":0.6711646914482117,"orthographic":false}