{"cameraMode":{"drawMode":0,"name":"Shaded","section":"Shading Mode"},"sceneLighting":false,"audioPlay":false,"sceneViewState":{"showFog":true,"showMaterialUpdate":false,"showSkybox":false,"showFlares":true,"showImageEffects":true,"showParticleSystems":true},"in2DMode":false,"pivot":{"x":0.024361759424209596,"y":-1.4949207305908204,"z":0.07814005762338638},"rotation":{"x":0.0016738609410822392,"y":0.8353909254074097,"z":-0.5500817894935608,"w":0.002083064755424857},"size":2.8284270763397219,"orthographic":false}