{"cameraMode":{"drawMode":0,"name":"Shaded","section":"Shading Mode"},"sceneLighting":false,"audioPlay":false,"sceneViewState":{"showFog":true,"showMaterialUpdate":false,"showSkybox":false,"showFlares":true,"showImageEffects":true,"showParticleSystems":true},"in2DMode":false,"pivot":{"x":0.31043606996536257,"y":-1.8119943141937256,"z":3.484529972076416},"rotation":{"x":-0.1808488368988037,"y":0.0189881082624197,"z":-0.0032034586183726789,"w":-0.983702540397644},"size":10.0,"orthographic":false}