{"cameraMode":{"drawMode":0,"name":"Shaded","section":"Shading Mode"},"sceneLighting":false,"audioPlay":false,"sceneViewState":{"showFog":true,"showMaterialUpdate":false,"showSkybox":false,"showFlares":true,"showImageEffects":true,"showParticleSystems":true},"in2DMode":false,"pivot":{"x":-2.8335914611816408,"y":5.761998176574707,"z":9.80229663848877},"rotation":{"x":0.019773108884692193,"y":0.971656084060669,"z":-0.21962562203407288,"w":0.08703002333641052},"size":0.1944144368171692,"orthographic":false}