{"cameraMode":{"drawMode":0,"name":"Shaded","section":"Shading Mode"},"sceneLighting":false,"audioPlay":false,"sceneViewState":{"showFog":false,"showMaterialUpdate":false,"showSkybox":false,"showFlares":false,"showImageEffects":true,"showParticleSystems":true},"in2DMode":false,"pivot":{"x":2.547851085662842,"y":-0.6500582098960877,"z":-0.250640869140625},"rotation":{"x":-0.1562785655260086,"y":-0.7270853519439697,"z":0.17190876603126527,"w":-0.6469891667366028},"size":3.4775755405426027,"orthographic":false}