{"cameraMode":{"drawMode":0,"name":"Shaded","section":"Shading Mode"},"sceneLighting":false,"audioPlay":false,"sceneViewState":{"showFog":true,"showMaterialUpdate":false,"showSkybox":false,"showFlares":true,"showImageEffects":true,"showParticleSystems":true},"in2DMode":false,"pivot":{"x":-5.041987895965576,"y":2.9709341526031496,"z":-3.1193618774414064},"rotation":{"x":0.03587600588798523,"y":0.15623386204242707,"z":-0.005567459389567375,"w":0.9872280359268189},"size":1.6132265329360963,"orthographic":false}