{"cameraMode":{"drawMode":0,"name":"Shaded","section":"Shading Mode"},"sceneLighting":false,"audioPlay":false,"sceneViewState":{"showFog":true,"showMaterialUpdate":false,"showSkybox":false,"showFlares":true,"showImageEffects":true,"showParticleSystems":true},"in2DMode":false,"pivot":{"x":-12.779998779296875,"y":-1.8172273635864258,"z":-0.547271728515625},"rotation":{"x":0.3860234320163727,"y":-0.016810156404972078,"z":0.007143463473767042,"w":0.9225218296051025},"size":7.071067810058594,"orthographic":false}