{"cameraMode":{"drawMode":0,"name":"Shaded","section":"Shading Mode"},"sceneLighting":false,"audioPlay":false,"sceneViewState":{"showFog":true,"showMaterialUpdate":false,"showSkybox":false,"showFlares":true,"showImageEffects":true,"showParticleSystems":true},"in2DMode":false,"pivot":{"x":0.2919159233570099,"y":1.4618163108825684,"z":49.00872039794922},"rotation":{"x":-0.279110312461853,"y":-0.5286338329315186,"z":0.18925262987613679,"w":-0.779546856880188},"size":3.62485408782959,"orthographic":false}