{"cameraMode":{"drawMode":0,"name":"Shaded","section":"Shading Mode"},"sceneLighting":false,"audioPlay":false,"sceneViewState":{"showFog":true,"showMaterialUpdate":false,"showSkybox":false,"showFlares":true,"showImageEffects":true,"showParticleSystems":true},"in2DMode":false,"pivot":{"x":-1.3877228498458863,"y":1.4125332832336426,"z":38.58078384399414},"rotation":{"x":0.021898994222283365,"y":-0.7222940325737,"z":0.023085691034793855,"w":0.6914956569671631},"size":3.5226430892944338,"orthographic":false}