{"cameraMode":{"drawMode":0,"name":"Shaded","section":"Shading Mode"},"sceneLighting":true,"audioPlay":false,"sceneViewState":{"showFog":false,"showMaterialUpdate":false,"showSkybox":false,"showFlares":false,"showImageEffects":true,"showParticleSystems":true},"in2DMode":false,"pivot":{"x":-1.5243375301361085,"y":-8.732583045959473,"z":53.81839370727539},"rotation":{"x":0.29526185989379885,"y":-0.3616258203983307,"z":0.12408896535634995,"w":0.876279890537262},"size":12.878093719482422,"orthographic":false}