{"cameraMode":{"drawMode":0,"name":"Shaded","section":"Shading Mode"},"sceneLighting":false,"audioPlay":false,"sceneViewState":{"showFog":true,"showMaterialUpdate":false,"showSkybox":false,"showFlares":true,"showImageEffects":true,"showParticleSystems":true},"in2DMode":false,"pivot":{"x":-0.24833808839321137,"y":1.735990047454834,"z":-14.16568374633789},"rotation":{"x":-0.012828841805458069,"y":-0.9629470109939575,"z":0.26679903268814089,"w":-0.044678542762994769},"size":1.2589678764343262,"orthographic":false}