{"cameraMode":{"drawMode":0,"name":"Shaded","section":"Shading Mode"},"sceneLighting":false,"audioPlay":false,"sceneViewState":{"showFog":true,"showMaterialUpdate":false,"showSkybox":false,"showFlares":true,"showImageEffects":true,"showParticleSystems":true},"in2DMode":false,"pivot":{"x":2.1585588455200197,"y":0.5830491781234741,"z":-1.9835835695266724},"rotation":{"x":0.04404210299253464,"y":0.9430833458900452,"z":-0.13693593442440034,"w":0.3006475567817688},"size":3.605623722076416,"orthographic":false}