{"cameraMode":{"drawMode":0,"name":"Shaded","section":"Shading Mode"},"sceneLighting":true,"audioPlay":false,"sceneViewState":{"showFog":true,"showMaterialUpdate":false,"showSkybox":false,"showFlares":true,"showImageEffects":true,"showParticleSystems":true},"in2DMode":false,"pivot":{"x":688.3134155273438,"y":313.4537353515625,"z":-4.817504405975342},"rotation":{"x":0.2669066786766052,"y":-0.14292047917842866,"z":0.0403871014714241,"w":0.9523164629936218},"size":758.1761474609375,"orthographic":false}