{"cameraMode":{"drawMode":0,"name":"Shaded","section":"Shading Mode"},"sceneLighting":false,"audioPlay":false,"sceneViewState":{"showFog":true,"showMaterialUpdate":false,"showSkybox":false,"showFlares":true,"showImageEffects":true,"showParticleSystems":true},"in2DMode":false,"pivot":{"x":-8.268965721130371,"y":-14.160564422607422,"z":-4.752974033355713},"rotation":{"x":0.015491386875510216,"y":-0.886060893535614,"z":0.4633263349533081,"w":0.029246630147099496},"size":12.728157997131348,"orthographic":false}