{"cameraMode":{"drawMode":0,"name":"Shaded","section":"Shading Mode"},"sceneLighting":false,"audioPlay":false,"sceneViewState":{"showFog":true,"showMaterialUpdate":false,"showSkybox":false,"showFlares":true,"showImageEffects":true,"showParticleSystems":true},"in2DMode":false,"pivot":{"x":-0.6345279812812805,"y":-2.739696741104126,"z":-2.2940800189971926},"rotation":{"x":-0.011995306238532067,"y":0.9139798879623413,"z":-0.4052222669124603,"w":-0.027867775410413743},"size":3.2031238079071047,"orthographic":false}