{"cameraMode":{"drawMode":0,"name":"Shaded","section":"Shading Mode"},"sceneLighting":false,"audioPlay":false,"sceneViewState":{"showFog":true,"showMaterialUpdate":false,"showSkybox":false,"showFlares":true,"showImageEffects":true,"showParticleSystems":true},"in2DMode":false,"pivot":{"x":-1.3759764432907105,"y":0.03106263093650341,"z":0.010046742856502533},"rotation":{"x":0.11230449378490448,"y":0.8866903185844421,"z":-0.29366251826286318,"w":0.3391943573951721},"size":1.5204145908355713,"orthographic":false}