{"cameraMode":{"drawMode":0,"name":"Shaded","section":"Shading Mode"},"sceneLighting":false,"audioPlay":false,"sceneViewState":{"showFog":true,"showMaterialUpdate":false,"showSkybox":false,"showFlares":true,"showImageEffects":true,"showParticleSystems":true},"in2DMode":false,"pivot":{"x":-10.062253952026368,"y":6.784563064575195,"z":3.9979326725006105},"rotation":{"x":0.14200709760189057,"y":0.7640365362167358,"z":-0.18001438677310944,"w":0.6033107042312622},"size":0.22275573015213014,"orthographic":false}