{"cameraMode":{"drawMode":0,"name":"Shaded","section":"Shading Mode"},"sceneLighting":false,"audioPlay":false,"sceneViewState":{"showFog":true,"showMaterialUpdate":false,"showSkybox":false,"showFlares":true,"showImageEffects":true,"showParticleSystems":true},"in2DMode":false,"pivot":{"x":1.0158244371414185,"y":-2.5057361125946047,"z":-2.747847080230713},"rotation":{"x":-0.06281047314405441,"y":0.9374180436134338,"z":-0.2296462059020996,"w":-0.2553894519805908},"size":6.755925178527832,"orthographic":false}