{"cameraMode":{"drawMode":0,"name":"Shaded","section":"Shading Mode"},"sceneLighting":true,"audioPlay":false,"sceneViewState":{"showFog":false,"showMaterialUpdate":false,"showSkybox":false,"showFlares":false,"showImageEffects":true,"showParticleSystems":true},"in2DMode":false,"pivot":{"x":3.6908774375915529,"y":-2.206477165222168,"z":8.628170013427735},"rotation":{"x":0.3016568124294281,"y":0.019609594717621805,"z":-0.00485445698723197,"w":0.9537236094474793},"size":4.726956844329834,"orthographic":false}