{"cameraMode":{"drawMode":0,"name":"Shaded","section":"Shading Mode"},"sceneLighting":false,"audioPlay":false,"sceneViewState":{"showFog":false,"showMaterialUpdate":false,"showSkybox":false,"showFlares":false,"showImageEffects":true,"showParticleSystems":true},"in2DMode":false,"pivot":{"x":7.714021682739258,"y":0.7844924330711365,"z":-4.758669853210449},"rotation":{"x":0.06033642590045929,"y":0.8809723854064941,"z":-0.11405409127473831,"w":0.4564865827560425},"size":0.8660253882408142,"orthographic":false}