{"cameraMode":{"drawMode":0,"name":"Shaded","section":"Shading Mode"},"sceneLighting":false,"audioPlay":false,"sceneViewState":{"showFog":true,"showMaterialUpdate":false,"showSkybox":false,"showFlares":true,"showImageEffects":true,"showParticleSystems":true},"in2DMode":false,"pivot":{"x":-0.001752324402332306,"y":0.39544445276260378,"z":0.0},"rotation":{"x":0.008711004629731179,"y":0.9911219477653503,"z":-0.10444733500480652,"w":0.08226218819618225},"size":0.6089499592781067,"orthographic":false}