{"cameraMode":{"drawMode":0,"name":"Shaded","section":"Shading Mode"},"sceneLighting":false,"audioPlay":false,"sceneViewState":{"showFog":true,"showMaterialUpdate":false,"showSkybox":false,"showFlares":true,"showImageEffects":true,"showParticleSystems":true},"in2DMode":false,"pivot":{"x":4.255014419555664,"y":1.0074893236160279,"z":2.838876724243164},"rotation":{"x":-0.2647669017314911,"y":0.15695811808109284,"z":-0.043301016092300418,"w":-0.9508897066116333},"size":1.1353424787521363,"orthographic":false}