{"cameraMode":{"drawMode":0,"name":"Shaded","section":"Shading Mode"},"sceneLighting":true,"audioPlay":false,"sceneViewState":{"showFog":true,"showMaterialUpdate":false,"showSkybox":true,"showFlares":true,"showImageEffects":true,"showParticleSystems":true},"in2DMode":false,"pivot":{"x":-2.725860118865967,"y":2.881659984588623,"z":19.74831771850586},"rotation":{"x":-0.2779296934604645,"y":-0.5862964391708374,"z":0.22351713478565217,"w":-0.7280399203300476},"size":0.951734721660614,"orthographic":false}