{"cameraMode":{"drawMode":0,"name":"Shaded","section":"Shading Mode"},"sceneLighting":false,"audioPlay":false,"sceneViewState":{"showFog":true,"showMaterialUpdate":false,"showSkybox":false,"showFlares":true,"showImageEffects":true,"showParticleSystems":true},"in2DMode":false,"pivot":{"x":-0.4404536485671997,"y":0.7792236804962158,"z":-1.518527626991272},"rotation":{"x":-0.018651550635695459,"y":0.8907848000526428,"z":-0.036960579454898837,"w":-0.45327067375183108},"size":1.250514268875122,"orthographic":false}