{"cameraMode":{"drawMode":0,"name":"Shaded","section":"Shading Mode"},"sceneLighting":false,"audioPlay":false,"sceneViewState":{"showFog":true,"showMaterialUpdate":false,"showSkybox":false,"showFlares":true,"showImageEffects":true,"showParticleSystems":true},"in2DMode":false,"pivot":{"x":-0.029301047325134279,"y":0.8369147777557373,"z":-8.682271957397461},"rotation":{"x":0.32164591550827029,"y":0.18312911689281465,"z":-0.0633917823433876,"w":0.9271634817123413},"size":1.3331294059753419,"orthographic":false}