{"cameraMode":{"drawMode":0,"name":"Shaded","section":"Shading Mode"},"sceneLighting":false,"audioPlay":false,"sceneViewState":{"showFog":true,"showMaterialUpdate":false,"showSkybox":false,"showFlares":true,"showImageEffects":true,"showParticleSystems":true},"in2DMode":false,"pivot":{"x":-2.014162302017212,"y":1.0548571348190308,"z":-2.435384750366211},"rotation":{"x":-0.001996075501665473,"y":-0.9929293394088745,"z":0.1182166039943695,"w":-0.017608847469091417},"size":1.2712888717651368,"orthographic":false}