{"cameraMode":{"drawMode":0,"name":"Shaded","section":"Shading Mode"},"sceneLighting":false,"audioPlay":false,"sceneViewState":{"showFog":true,"showMaterialUpdate":false,"showSkybox":false,"showFlares":true,"showImageEffects":true,"showParticleSystems":true},"in2DMode":false,"pivot":{"x":8.780693054199219,"y":1.4843617677688599,"z":3.0834567546844484},"rotation":{"x":-0.1836494505405426,"y":0.7619354724884033,"z":-0.24433884024620057,"w":-0.5717155933380127},"size":1.1353424787521363,"orthographic":false}