{"cameraMode":{"drawMode":0,"name":"Shaded","section":"Shading Mode"},"sceneLighting":false,"audioPlay":false,"sceneViewState":{"showFog":true,"showMaterialUpdate":false,"showSkybox":false,"showFlares":true,"showImageEffects":true,"showParticleSystems":true},"in2DMode":false,"pivot":{"x":0.0,"y":0.9266999959945679,"z":0.656000018119812},"rotation":{"x":0.11969515681266785,"y":0.6873331665992737,"z":-0.11598388850688935,"w":0.7074170708656311},"size":0.7313419580459595,"orthographic":false}