{"cameraMode":{"drawMode":0,"name":"Shaded","section":"Shading Mode"},"sceneLighting":false,"audioPlay":false,"sceneViewState":{"showFog":true,"showMaterialUpdate":false,"showSkybox":false,"showFlares":true,"showImageEffects":true,"showParticleSystems":true},"in2DMode":false,"pivot":{"x":6.004362106323242,"y":-5.337512969970703,"z":7.072161674499512},"rotation":{"x":0.24643467366695405,"y":-0.4984300136566162,"z":0.15033045411109925,"w":0.8175559639930725},"size":8.95407485961914,"orthographic":false}