{"cameraMode":{"drawMode":0,"name":"Shaded","section":"Shading Mode"},"sceneLighting":false,"audioPlay":false,"sceneViewState":{"showFog":true,"showMaterialUpdate":false,"showSkybox":false,"showFlares":true,"showImageEffects":true,"showParticleSystems":true},"in2DMode":false,"pivot":{"x":-1.1530570983886719,"y":1.3554916381835938,"z":-1.9261071681976319},"rotation":{"x":0.02787528745830059,"y":0.9682523012161255,"z":-0.2142927199602127,"w":0.1258949488401413},"size":1.6063991785049439,"orthographic":false}