{"cameraMode":{"drawMode":0,"name":"Shaded","section":"Shading Mode"},"sceneLighting":true,"audioPlay":false,"sceneViewState":{"showFog":true,"showMaterialUpdate":false,"showSkybox":false,"showFlares":true,"showImageEffects":true,"showParticleSystems":true},"in2DMode":false,"pivot":{"x":654.7410278320313,"y":308.2037048339844,"z":-4.691123008728027},"rotation":{"x":-0.12473417818546295,"y":0.8387990593910217,"z":-0.21624553203582765,"w":-0.4838341474533081},"size":740.2734985351563,"orthographic":false}